{"cameraMode":{"drawMode":0,"name":"Shaded","section":"Shading Mode"},"sceneLighting":false,"audioPlay":false,"sceneViewState":{"m_AlwaysRefresh":false,"showFog":true,"showSkybox":true,"showFlares":true,"showImageEffects":true,"showParticleSystems":true,"showVisualEffectGraphs":true,"m_FxEnabled":true},"in2DMode":false,"pivot":{"x":452.93048095703127,"y":98.30152130126953,"z":1.8238677978515626},"rotation":{"x":0.005685301497578621,"y":0.00841485895216465,"z":0.0005724847433157265,"w":-1.0001564025878907},"size":151.61322021484376,"orthographic":false}